"OriginalName","Path","SourceURL","Bytes","SHA256"
"IMG_6710.MOV","media/videos/IMG_6710.MOV","https://drive.google.com/file/d/11ECCh_QwN_erqZu5QVWSBysW1RJnEC1K/view?usp=drivesdk","21956876","21203F4AE3FB1CF46BC481215828948F1AC64DA8B00282E5F9269D3E740D8697"
"pidnofilter (1).png","media/images/pidnofilter (1).png","https://drive.google.com/file/d/1K-cNIhbe4J421ubISaddg-kM9_KrxSg6/view?usp=drivesdk","33084","546615EB6EA334FFB35EBF8DC131EC41EB38067D2ACF5497F5DAC9063232A780"
"pidfiltered.png","media/images/pidfiltered.png","https://drive.google.com/file/d/1DQpSt7h_KSqJx93X7rbn9Nmp3fWlby1F/view?usp=drivesdk","38564","C1771945E160062FE9B76E5E2E06F99625A022B6A4D9371CF6F40025B2DF019D"
"video_606378700740493636-BBkoy214.MP4","media/videos/video_606378700740493636-BBkoy214.MP4","https://drive.google.com/file/d/1163j8I0Ikpx2VL0g75Zx9r_fEx3yX1J1/view?usp=drivesdk","12352347","99DB7C5BFBAF972AA48A720379AF68A90DD115B39E43E24EAA223452613120E1"
"IMG_6699.MOV","media/videos/IMG_6699.MOV","https://drive.google.com/file/d/1fa3LoKCoudypH725iaytnXFa0bdinB8B/view?usp=drivesdk","34129341","F067A458D343461347EBF1A6346005D7CDDE97CFF54EE8A0AAB2E4B577F79C23"
"IMG_6691.MOV","media/videos/IMG_6691.MOV","https://drive.google.com/file/d/1lkYVN_TQzwiYlkSzTpEBsR72Xop0lsTs/view?usp=drivesdk","19433940","155E4B9F7A878F7B59DEB34DB476AB94BE844C4F1773A1952B428105A4A64CA1"
"IMG_6735.HEIC","media/images/IMG_6735.HEIC","https://drive.google.com/file/d/1UcDiULP_uO1p6rsp2vPMhXhyB-z6cKMw/view?usp=drivesdk","1325203","2A1CE745EBBEFA6D00C731713E9BB98D81C87ED1D0074A3666DAFE0D15B674EC"
"yolo_servo_pid_tracker.py","src/yolo_servo_pid_tracker.py","https://drive.google.com/file/d/1XLQpzb9Rwk-atZdX9nOI8MMin8P0Kxnx/view?usp=drivesdk","20988","4FD89F600320492409AEB5E9552460B9F72667C0FC080E13A8C4E6FC1F66F4DD"
"test_servo.py","src/test_servo.py","https://drive.google.com/file/d/1KkI1UK5NP8KL08Lg6UT7KIcFits5Qi_R/view?usp=drivesdk","517","04C511F6C1C34EC055A381EDA94DE5698AEB9E9355353D3F68AFA4D63A8B8172"
